<ul>
  <li><b>Oct 2, 2021, 9:30 AM:</b> <span>I played video games</span></li>
  <li><b>Oct 2, 2021, 9:30 AM:</b> <span>I played video games</span></li>
  <li><b>Oct 2, 2021, 9:30 AM:</b> <span>I played video games</span></li>
  <li><b>Oct 2, 2021, 9:30 AM:</b> <span>I played video games</span></li>
  <li><b>Oct 2, 2021, 9:30 AM:</b> <span>I played video games</span></li>
  <li><b>Oct 2, 2021, 9:30 AM:</b> <span>I played video games</span></li>
  <li><b>Oct 2, 2021, 9:30 AM:</b> <span>I played video games</span></li>
  <li><b>Oct 2, 2021, 9:30 AM:</b> <span>I played video games</span></li>
  <li><b>Oct 2, 2021, 9:30 AM:</b> <span>I played video games</span></li>
  <li><b>Oct 2, 2021, 9:30 AM:</b> <span>I played video games</span></li>
  <li><b>Oct 2, 2021, 9:30 AM:</b> <span>I played video games</span></li>
</ul>
